<?xml version="1.0" encoding="UTF-8"?>
<!DOCTYPE version SYSTEM "../../../lib/pkp/dtd/pluginVersion.dtd">

<!--
  * plugins/generic/tinymce/version.xml
  *
  * Copyright (c) 2014-2019 Simon Fraser University
  * Copyright (c) 2003-2019 John Willinsky
  * Distributed under the GNU GPL v2. For full terms see the file docs/COPYING.
  *
  * Plugin version information.
  -->
<version>
	<application>tinymce</application>
	<type>plugins.generic</type>
	<release>1.0.0.0</release>
	<date>2009-07-13</date>
	<lazy-load>1</lazy-load>
	<class>TinyMCEPlugin</class>
</version>
